{
  "session_end": "2025-12-21T23:34:03.214121",
  "total_frames": 293,
  "total_time_seconds": 40.275654315948486,
  "average_fps": 7.274866292711647,
  "total_analyses": 0,
  "analytics": []
}