{
  "session_end": "2025-12-21T23:31:35.732606",
  "total_frames": 10,
  "total_time_seconds": 1.4617011547088623,
  "average_fps": 6.841343709543537,
  "total_analyses": 0,
  "analytics": []
}